"gene","baseMean","log2FoldChange","lfcSE","stat","pvalue","padj","wt_ba_mean","wt_veh_mean","hk3456_ba_mean","hk3456_veh_mean"
"Os01g0107400",84.4337952139922,1.04003010174768,0.297749668373891,3.49296812798358,0.000477683518861846,0.0240910976697503,24.2736686120197,12.3463623109375,11.5937397255107,15.5111147477
"Os01g0136300",63.9702386739524,1.15978878822226,0.292717948946535,3.96213758806465,7.42817106388827e-05,0.00515241296423361,8.70579412341746,4.02432105776411,5.02225994854119,5.17872783433988
"Os01g0142300",118.949836521615,1.52535221648415,0.303207162852643,5.03072619437246,4.88625538988359e-07,6.31634882343791e-05,7.19017512369862,2.60806007509761,1.74219533381208,1.49367473368155
"Os01g0153700",500.677953543545,2.33947627427499,0.195537623767904,11.9643280366947,5.46381113498859e-33,8.22624976470783e-30,35.8850549350069,7.33273514254826,4.85797092641823,5.31663011039927
"Os01g0153800",467.555638358966,3.77451838726381,0.245600385464947,15.3685360880776,2.66114260678642e-53,1.36223890041397e-49,79.5022522054978,5.97923806113756,3.14989743443526,3.21427430606783
"Os01g0182300",47.7845815165441,1.67268000167907,0.355893988660724,4.69993890027079,2.60239340879642e-06,0.000285872357502765,7.63410265857988,2.50624649561203,3.29324119398838,3.35054751183888
"Os01g0187600",17.2014328469228,2.07567888463525,0.602449418678652,3.44539943152045,0.000570216105988322,0.0280744576128075,1.1526849958054,0.279588995959271,0.24768314322845,0.120253575874597
"Os01g0197700",442.187973666428,3.5164483815274,0.279442002999779,12.5838218441706,2.59180770327228e-36,4.14608238532838e-33,31.0731604606401,2.76359862550212,2.40392267386794,1.93664962497651
"Os01g0209800",232.307521262528,2.00775638982188,0.24333247595257,8.25108272934857,1.5696583772062e-16,9.343117712696e-14,11.377139248188,2.93443316007803,3.12825917994584,2.91584981856359
"Os01g0212700",436.475087366782,1.15412435578557,0.275647441781292,4.18695834188548,2.82717690866622e-05,0.00226838849458658,34.1312996425712,16.0004152290717,21.7491905261602,19.4376903546763
"Os01g0296200",87.3489952953658,3.10316638070467,0.310832607175989,9.98340041895187,1.80183720823958e-23,1.7080749386997e-20,7.13528229968623,0.858648546776659,0.969739557284582,1.13697059761565
"Os01g0370000",122.105595558778,3.85157911254291,0.544860066851546,7.06893264319979,1.56129903778875e-12,5.40019579354095e-10,10.5961882714268,0.751673563461982,1.84702194591999,1.59351448289874
"Os01g0558100",83.5139094224627,1.24459557701472,0.378245223642408,3.29044624814975,0.00100028610632065,0.0443714434857489,6.96347158323114,3.00716958038836,4.68072552239027,4.69305195971779
"Os01g0580500",409.146478150351,1.52256170352413,0.326941078621008,4.65699113108112,3.20864261728764e-06,0.000343620116273962,27.1683611918615,9.85461011605106,18.6632724988152,16.6321053979296
"Os01g0607200",2005.47168713551,1.31628100874625,0.195472400869717,6.7338458160319,1.65236275269362e-11,4.86117524772335e-09,98.2871282964379,41.0348751883654,25.709355326741,22.4892911334394
"Os01g0607250",80.1027001976338,1.22945966898753,0.350751337258481,3.5052173388622,0.000456234674754972,0.0232616065744094,5.11173933981883,2.24671794195103,1.18189503454507,1.46080965145283
"Os01g0623900",260.508167605514,1.91847334164518,0.163170437427315,11.7574811460549,6.46338348936406e-32,9.19057224501517e-29,22.0068687798079,6.04841720255048,4.1415483471077,3.86387536047444
"Os01g0625300",39.3093407823657,1.32597229528005,0.354588476574153,3.73946809577935,0.000184410050408871,0.01134609432744,2.32978116803028,0.965339945773684,0.922533279069297,0.656312432868138
"Os01g0625900",47.0688686757873,1.31396056908998,0.369339421272363,3.55759632850299,0.000374263871978751,0.0200823559817529,1.06642137780321,0.446606465847047,2.62861989790376,2.52901344375787
"Os01g0626400",881.340543785627,1.28622921080385,0.202139131722189,6.36308863031817,1.97736510267699e-10,5.16435304112425e-08,68.3594882721474,28.7188097176628,23.9785568382162,23.6126381992106
"Os01g0635550",24.0387417109746,1.65677477179142,0.497560064946516,3.32979852788127,0.000869088444074958,0.0397930567550958,1.89948640643417,0.609642878387203,1.01280262883082,0.845912144835907
"Os01g0653100",28.6201818846901,1.88356357769506,0.571785134600967,3.29418073978006,0.000987090059884294,0.0440149304577326,1.02168896983936,0.286055832851313,1.94723891654076,1.62709832522939
"Os01g0657801",125.480451628096,1.07318763413558,0.29577351960211,3.62841012805775,0.000285171986761645,0.0162560734992523,4.25147773711995,2.08906127338714,4.0434957834193,3.92180349839425
"Os01g0676900",6.62918520327742,5.12031746180738,1.4461078646421,3.54075763433774,0.000398979895667515,0.0211426302890477,0.993386753916806,0.0272692785397726,0.51809684105229,0.557496398042005
"Os01g0701700",27.479937367416,1.76559112137025,0.416671454946261,4.23736999597911,2.26153287348598e-05,0.0018672236740927,2.03359080368723,0.614719784746325,0.830745406997787,0.364166644299281
"Os01g0710200",23.8460734151351,2.88990003408082,0.490034992768156,5.89733402048714,3.69421562192455e-09,7.50424197167927e-07,1.39572030713947,0.194798358635368,0.701532233508062,0.670810660299001
"Os01g0734800",195.546623493955,1.12155310070467,0.29069828785385,3.85813452492206,0.000114255759004493,0.00756851550187019,11.4743039135497,5.50451071862401,1.71801496153318,2.11409697713226
"Os01g0735900",104.70457473226,1.28720701522724,0.25145256580584,5.11908483058058,3.07021847990513e-07,4.27077402136803e-05,5.75191170398735,2.46724929313352,2.3965238131443,2.03246152768343
"Os01g0746400",396.7132851037,1.64279333666328,0.288688481510864,5.69053994834032,1.26638279411601e-08,2.26664808499296e-06,29.2296245651545,9.66677601363156,3.29587834244965,2.51824579559449
"Os01g0747400",239.517754980864,1.06409955932284,0.194360524221504,5.47487491909691,4.37820751295733e-08,6.91729761074955e-06,7.62924670649208,3.76214548629935,2.34100306109555,2.57346042895836
"Os01g0758500",21.4255889666257,1.65662067858348,0.461386049312852,3.59053049187489,0.000330005619910848,0.0180867105816234,1.20666179828245,0.396553101083597,0.594248913499216,0.583407595736498
"Os01g0760800",67.8015657989926,1.08991145481774,0.335468070882955,3.24892754159609,0.00115840981671539,0.0499991555798151,1.9079766606165,0.941451318425613,1.05320992204569,1.04180624808346
"Os01g0764800",22668.2570996576,1.03811995638054,0.27512444504598,3.77327414947459,0.000161119074333866,0.0100914190479471,611.146890839297,307.422568682043,431.548049066768,372.904320534652
"Os01g0764850",546.452917747251,1.62310578205156,0.359287579170302,4.51756719728463,6.25541795792901e-06,0.000618175376962136,34.0554084483587,10.957877480203,20.4105596389432,21.731687906813
"Os01g0772500",85.8517752675076,1.49381542344453,0.318487152084077,4.69034751847755,2.72741418787643e-06,0.000297125640627818,4.11843491594496,1.54199955076276,2.9094401315013,2.15754131056633
"Os01g0775400",1221.99697271414,3.57263678165477,0.267043648939462,13.3784750015331,8.07879372897461e-41,2.06776725493105e-37,108.174590643678,9.51274815027372,0.309973960620078,0.316585760501038
"Os01g0785400",302.907869630557,2.31966713480149,0.33962564394785,6.83007062669764,8.48728376909566e-12,2.64917107402443e-09,10.0744025216819,2.09921389535121,6.4260228237641,5.79429131699774
"Os01g0788500",312.781957531783,1.13047254295372,0.206207724566721,5.48220269308068,4.20062553239176e-08,6.71968815634794e-06,7.27843151915044,3.41711174104852,2.87652333216283,2.74086178856112
"Os01g0800200",12.4880329445497,5.57996694920328,1.09750480576798,5.08423008252677,3.69120271917579e-07,4.94640490038243e-05,29.0915140830117,0.634249435059497,0,0
"Os01g0823100",57.3994767033513,2.29532804587221,0.571705055452176,4.01488149174539,5.94756712883788e-05,0.00430022544244648,4.31492626183616,0.930636247490173,1.62537081303873,1.69989331060388
"Os01g0833400",124.872302692702,1.23285622423285,0.239283847213111,5.15227516855682,2.57345055652751e-07,3.65930372190676e-05,10.189288820161,4.4673850223343,6.11360930060974,6.45316524569735
"Os01g0836900",131.223143257899,-1.15348578181393,0.327766468123329,-3.51923059249583,0.000432800353890542,0.022288782812532,1.39192830737747,3.19778634326533,6.8894034080999,7.39786552652819
"Os01g0840300",245.438116600626,1.13512624652518,0.283230965756935,4.00777592764813,6.12932310603802e-05,0.00439439845655583,682.964520209584,319.931773973802,334.552275647769,364.685467492312
"Os01g0848900",113.232784022543,2.31196479318104,0.263959670436465,8.75878042035037,1.97374176702085e-18,1.44336915791139e-15,12.8711143938641,2.68444427653149,1.33099652607148,1.11695800154624
"Os01g0864000",590.159817122358,1.47882871123242,0.286746344962887,5.15727135571274,2.50574540602097e-07,3.58293595905623e-05,39.144446474051,14.5635301529514,21.6151108184967,24.7285058396693
"Os01g0864100",93.9741076657179,2.03491839083573,0.378697834728766,5.37346191137638,7.72391268793457e-08,1.17674729314098e-05,5.68079844554595,1.44441463562245,1.74621767473752,2.12769933492458
"Os01g0874300",332.37047168437,1.59908813865714,0.210088558346849,7.61149560566312,2.70942115472658e-14,1.30844593311749e-11,33.7509145947355,11.6140196534964,12.8008570561927,12.857565609404
"Os01g0888800",30.1663310331161,2.05089795470599,0.455525554534989,4.50226762096717,6.72322477866863e-06,0.000654300145285261,4.583087204871,1.12887103623294,2.35622668749174,2.04397710106408
"Os01g0889900",174.831736022622,1.21395754483079,0.291030971392405,4.17123146386363,3.02957933102018e-05,0.00238634809052959,4.28047421306112,1.89658687077432,2.27478719311665,2.63176377515604
"Os01g0933075",458.638670411966,1.17582387333963,0.180237528038851,6.52374611510524,6.85727443441856e-11,1.92870262801036e-08,32.0863628898273,14.67687031691,16.514417965599,16.5231515294739
"Os01g0937050",557.917102893247,2.00739527505141,0.347561576002196,5.77565362127005,7.66549242529115e-09,1.42172665670527e-06,35.6132464904801,9.03928243027844,22.8873245497396,21.9544383779272
"Os01g0940000",776.115744902747,1.81592969683608,0.207002023684671,8.77252146869013,1.74709193880156e-18,1.31520053451841e-15,35.2935287871682,10.3989204884812,7.26743618379489,7.81823749182476
"Os01g0952500",1151.22503724874,3.59896512637329,0.206831727141176,17.4004499992246,8.18573394690236e-68,1.04756930185483e-63,118.855066675441,10.2190632007756,5.49803194387344,4.71184684369045
"Os01g0971800",230.374301891831,1.39699668945895,0.190681211617185,7.3263468257354,2.3651123338106e-13,9.60873812442577e-11,18.4571117226273,7.26079235443733,6.59587030684941,6.21098236778929
"Os02g0134400",294.597067601963,1.66701664264446,0.255125804093386,6.53409657470111,6.39946434888194e-11,1.81993655566259e-08,13.5609622629838,4.43036540795767,1.84430340729309,1.93551864138866
"Os02g0167600",115.84661477918,1.06813179303194,0.256662183723651,4.16162512737753,3.15990775114132e-05,0.00247332840643615,19.7930256124352,9.73495486974376,18.4156313064829,16.1774162403152
"Os02g0200300",92.1240908699954,1.16540560709651,0.238872006857478,4.87878685505351,1.06740337460864e-06,0.000131347064293789,5.04711311023737,2.32508168086476,1.18031283157961,1.05900398017082
"Os02g0202000",14.1007576238696,3.8793774480879,0.669658853531453,5.7930652714139,6.9113231172732e-09,1.29120668019422e-06,3.54135731911446,0.245441770750435,0.329298722348041,0.397575301524761
"Os02g0217900",29.1085431321338,1.49647177460111,0.367086150952641,4.07662280562083,4.56945271205915e-05,0.00343985712250453,3.59199194468557,1.30475863805197,1.39427289536722,1.74495007215893
"Os02g0231700",107.801052639376,1.39780338616707,0.228853387699713,6.10785534012359,1.00978812121482e-09,2.43825726061258e-07,2.7202688458693,1.06646241328966,0.854571596867641,1.18236498320868
"Os02g0315600",596.614688144262,1.5323036585536,0.299770364915737,5.11159153101848,3.1945597612628e-07,4.39595468223233e-05,22.1856039472379,7.99588712743355,12.6968677570656,12.4553897150902
"Os02g0506100",77.3060102599803,1.81268055615005,0.346681473164944,5.22866289796691,1.70740356980208e-07,2.51155140052209e-05,4.83476088875733,1.42977609625987,2.67340997117501,3.05342642006973
"Os02g0527650",49.4381172607657,1.0965954142934,0.325474001671756,3.36922583266521,0.000753796406516546,0.0352713327692706,2.90965961491173,1.40988455250645,2.7611590600748,2.01508910264105
"Os02g0527900",653.259789841443,1.83870939185821,0.169609621871946,10.8408318559098,2.2045726282341e-27,2.68695411522152e-24,32.7048019131498,9.44360402011264,12.1333457159409,11.2441799426679
"Os02g0537800",161.026817560811,1.14225264796482,0.284864784806239,4.00980643761132,6.07685422229873e-05,0.00437299127093949,13.2140863710704,6.22545923896859,1.05226713647004,1.31136339071581
"Os02g0540700",864.017712880697,1.1337117902041,0.220689400796271,5.13713747064222,2.78954900324649e-07,3.94466888055767e-05,45.8162267884206,21.7804166907618,22.5337303806898,21.3812108301124
"Os02g0557800",228.992728563642,1.28313426150919,0.352706290035337,3.63796818418134,0.000274797360780963,0.0157347616312947,17.1454234150488,7.21775470390736,3.93355245651651,4.16331493083519
"Os02g0563000",182.068498755858,1.80513967546577,0.35304768084782,5.11301949677406,3.17049560399549e-07,4.38642351266295e-05,12.6292295397709,3.80974191395101,6.46874899984718,5.21410804734346
"Os02g0579000",2500.50121842984,1.17889825680785,0.12915309545535,9.12791329275894,6.98322758672724e-20,5.95785700274279e-17,151.054799429326,69.1241062892146,65.2019224992312,69.8671751838861
"Os02g0588700",31.4949174288075,1.46709289664583,0.401592273201624,3.65319005007166,0.000259002383959587,0.0149981131616417,2.60233884256484,0.974931322999084,1.92560487790854,1.44304554103147
"Os02g0601000",96.6695454363958,1.48750314740522,0.287849529292013,5.16764140995417,2.37066590100972e-07,3.40883110878336e-05,25.4796089402166,9.42730749312731,7.05563383406039,6.07850996170513
"Os02g0611800",2156.36787426795,1.27758808280066,0.178979805927068,7.13816889108298,9.45823781113441e-13,3.50845792428964e-10,106.066806066267,45.444949473476,47.4863433081654,40.6566425522973
"Os02g0620600",16.9103409255808,3.78460523139166,0.819584141878606,4.61771407962677,3.87990333479554e-06,0.000405331125935069,1.40359341246695,0.106750697959913,0.0824318760502868,0.140686808070499
"Os02g0624300",225.447488095707,1.61040296031877,0.426081410831319,3.77956634432079,0.000157101731030846,0.00997771415815011,19.3123728304019,6.58310646826146,9.40844944938666,12.4481671171611
"Os02g0631700",131.139081055716,4.8137823412544,0.367624170321091,13.0943031766653,3.54916590411782e-39,7.57007510965796e-36,119.701983916194,4.40303570359494,0.0816719377334561,0
"Os02g0641300",926.03244269477,1.63726115918763,0.230690571102222,7.09721750379706,1.27293644853559e-12,4.58884625355894e-10,58.503202039327,19.7106485901263,18.6731602437633,17.0801144447923
"Os02g0642200",95.1720370183449,2.85700575163874,0.379838401721204,7.52163482863363,5.40955011910993e-14,2.30762392164365e-11,18.6293319033212,2.6693678337189,1.69179815011526,1.834208850593
"Os02g0643800",758.803040075396,1.77947559621331,0.225996467213847,7.87390890729943,3.43729250941788e-15,1.99948867678524e-12,95.3484726676258,29.0380251782624,26.5097892444243,25.8626129804906
"Os02g0646200",468.092471849544,1.84823719883474,0.302283309832378,6.11425486858544,9.70091599538797e-10,2.364713760971e-07,38.5128191432247,11.2817601766667,16.0626112524464,15.2302829044797
"Os02g0661600",127.373681454011,1.73622561165794,0.291964007197749,5.94671113169778,2.73583589888934e-09,5.64707418000587e-07,15.7192918204017,4.81972010981285,5.31575796092313,4.7485559532763
"Os02g0669000",1006.40451834965,1.40645253971029,0.215698473438399,6.52045662303659,7.00936762522097e-11,1.95005178660359e-08,54.6564867864162,21.4332272109379,30.4923800122081,30.5715540168399
"Os02g0669366",487.297125134472,1.47313167365219,0.390711444472397,3.77038270696538,0.000162997397044908,0.0101754106764986,50.1742740568557,19.1940344912089,21.1386413737169,21.5904457333745
"Os02g0684100",72.3760778359536,3.38941152427067,0.510464903429354,6.63985222392426,3.13997798580101e-11,9.03008275804235e-09,6.74608466635863,0.668812127438158,1.62019012898289,2.30972504205232
"Os02g0686700",605.387233745173,2.01377799201119,0.228433735200992,8.81558930093809,1.19057160171028e-18,9.52271254555453e-16,121.10646455163,31.452751679545,23.3690850337011,24.8908247857361
"Os02g0692000",268.806262801987,1.10696665961714,0.258859587676247,4.27632087941674,1.90007301204172e-05,0.00161034333586781,8.56900492204371,4.12036232497968,5.19665694262968,5.33388782095346
"Os02g0692700",326.27194750078,1.57186073845469,0.229451490122078,6.85051440554335,7.35849009915276e-12,2.35425692609769e-09,16.6248486411254,5.86402084009623,13.5778147753125,13.9768224323065
"Os02g0700500",1093.6505805115,1.1980303873443,0.169138827976623,7.08311865274297,1.40945894676272e-12,4.94179475923176e-10,40.4031380014705,18.2368956557809,19.4224075557555,18.1175248844213
"Os02g0723200",119.851948626942,1.36594129540951,0.238616802252694,5.72441371485226,1.03791541797519e-08,1.89753179450536e-06,6.68902892829834,2.67977920131368,3.16309409846706,2.84710183747152
"Os02g0729100",211.346341038549,1.13692909696845,0.227734778006645,4.99233848654981,5.96525926196267e-07,7.55845598068982e-05,12.9633818509309,6.06107403078982,7.58158021147209,7.63083501918923
"Os02g0738600",192.268428906874,1.51636402745483,0.245443233529803,6.17806409102212,6.48923730385087e-10,1.61254396885498e-07,7.9187575437533,2.84936174914353,3.81245730974187,3.45890658389925
"Os02g0755600",129.212937010151,1.17295809781372,0.243883410283291,4.80950342809798,1.51305701359316e-06,0.000181815466023084,6.49251129598235,2.97718629792144,2.81964973729713,2.67392062737685
"Os02g0767800",123.819079777756,1.99907098622899,0.439610218655804,4.54737151547921,5.43200613588072e-06,0.000553913135648872,8.52373618827709,2.23541839350892,4.59621410821805,4.0436660333345
"Os02g0769100",137.247426392628,1.15850782514065,0.314704161762335,3.68125994474631,0.000232084238582707,0.0137797411530662,17.1518671097038,7.9865469623437,6.99908889752019,5.48553653436423
"Os02g0771400",59.3093045919854,1.76558469589377,0.254835347680636,6.92833514645082,4.25821993749739e-12,1.39729665769546e-09,13.9363385198104,4.23648169160031,5.67203675250731,5.37461452584171
"Os02g0788600",151.246456519335,-1.10580665483142,0.292939758013748,-3.77486027273745,0.000160097375773926,0.0100914190479471,1.33509639511593,2.95691184601992,3.36469229168373,2.83553433275753
"Os03g0102500",433.377536823043,1.03324830263103,0.303939942922027,3.39951469588878,0.000675055520628474,0.0324165967176094,39.2175148881711,19.8134372741251,18.1043663347065,17.4775401955224
"Os03g0103400",213.625051164711,1.66465848287379,0.351369836043118,4.73762489580783,2.16237588616938e-06,0.00024818838926684,7.99421868192096,2.57301115925826,1.79442362898678,1.8118035833701
"Os03g0132200",1281.38208942429,1.04794282076315,0.231425504283394,4.52820800372929,5.94860105999668e-06,0.000594892991535497,77.413130245491,38.97687403688,65.6952908666069,62.0288958977057
"Os03g0132250",18.2374734168159,1.99364657805451,0.56474831953162,3.53015052742071,0.000415323298108934,0.0216501014564117,1.40937175008921,0.3773995080022,0.802954618366165,0.912904793365547
"Os03g0140500",759.171915114804,1.13603743990939,0.144921672417494,7.83897550282654,4.54237146184951e-15,2.58359994591196e-12,47.2225058599685,22.1261383909657,19.3473053420672,19.4074146055969
"Os03g0147001",29.594409620128,1.55128794854641,0.37270453543273,4.162245964475,3.15132637683837e-05,0.00247332840643615,1.67301490767194,0.596886271810749,0.646619541330299,0.653812225249295
"Os03g0161900",65.7920032297366,1.36132465096756,0.344995844198494,3.94591608525094,7.94954532757128e-05,0.0054695863618061,3.34019431193232,1.36702341461493,1.07264248013013,1.42817936981834
"Os03g0170500",12.3534653811916,2.41213008725284,0.657313391047744,3.66968042961661,0.000242853876414682,0.0142239015259354,1.78301672078419,0.346250337462097,0.821798754487701,0.823097973291184
"Os03g0175800",118.146446793215,1.4819274179883,0.319424631155553,4.63936488750812,3.49481530452516e-06,0.000368106163453997,10.6735343864285,3.97089442078085,3.58940798845002,3.0585792055671
"Os03g0178500",165.245119226762,1.09622937309669,0.281771963054523,3.89048421004391,0.00010004438719059,0.00670139834850817,10.5982624659635,5.15837402981934,4.42083913675796,4.62167385293857
"Os03g0178550",77.2851522425928,1.01881376091615,0.252031076186067,4.0424132465474,5.29038886881232e-05,0.00390223351865278,4.45631989590082,2.28718940058802,2.02413099281292,2.34947748405693
"Os03g0180100",85.7859563377633,1.35920772361278,0.401548284255761,3.38491727372704,0.000711997092153077,0.0336849640917893,5.54972707891362,2.29445861297744,6.74208135152289,8.07060291083543
"Os03g0241600",969.36463139252,1.11319112022625,0.147684175190601,7.5376465947659,4.78528569093856e-14,2.07592181795885e-11,34.034417204592,16.3463157548535,20.4993121415618,20.0191862998507
"Os03g0253200",7.70703187974684,2.75864379508432,0.765215365299668,3.60505541339202,0.000312086330509784,0.0173638021332861,0.539227239914053,0.081563412854022,0.120773421834611,0.0688430706040164
"Os03g0285200",99.6893008084963,1.3937779728305,0.331977109683161,4.19841589126648,2.68788650195763e-05,0.00217023517405696,5.29410285222463,2.13819363484586,4.72673715075118,4.27804584762666
"Os03g0299200",683.092530892239,1.28462004893663,0.251821339615096,5.10131528527385,3.37301118334453e-07,4.59213942753741e-05,47.0282125231364,20.0989556436082,29.6332763160584,25.1750033848794
"Os03g0310701",17.922828929425,2.6053260041754,0.603574072492487,4.31649754837312,1.58524440943327e-05,0.00138007927413077,7.31833748574658,1.28293080310374,4.31477984125417,4.62598668052455
"Os03g0310800",7943.2789535186,1.00969718654375,0.227449855920556,4.43920785290108,9.02905857840735e-06,0.000846515583568997,798.575232755343,417.678854309171,381.762392131406,338.567627698131
"Os03g0315400",519.427627656293,1.18533726625901,0.294959054713144,4.01865020693054,5.85324901407784e-05,0.00424402007125559,22.1169951030857,10.164145423285,13.8603859906368,14.4765987170567
"Os03g0320600",989.600387210425,1.52312349752025,0.210327278093715,7.24168311084021,4.43150323552844e-13,1.66800478401986e-10,96.4589839630832,34.738091753433,41.9319231198964,33.2927440015621
"Os03g0351700",157.556080631121,1.56494415552462,0.275995231479072,5.67018548522741,1.42643002644986e-08,2.5353803143739e-06,21.0667039597197,7.4457398913285,10.1944526940249,6.92171463530752
"Os03g0369100",67.3449628821383,2.92353444440274,0.530359643427309,5.51236218787344,3.54049393295042e-08,5.92280668064484e-06,31.1452013651015,4.20422255123451,1.20987482293183,1.85140885563128
"Os03g0386500",582.45921351584,1.98588086611075,0.194448063013791,10.2129115370509,1.7357668478604e-24,1.70872894119181e-21,40.1787171739812,10.433575946357,12.8172504244756,12.37610835716
"Os03g0391100",21.4973645598288,2.58696064450395,0.512405978373198,5.04865429696413,4.44933037147001e-07,5.84632954397609e-05,2.23705580596547,0.379109250896284,0.377111977954352,0.407716146794533
"Os03g0423300",13070.4616995956,1.0062383924548,0.213534289202598,4.71230356591627,2.4493214323608e-06,0.000271386935330193,712.136497350464,362.046424146256,331.68102094989,308.535827030671
"Os03g0592500",38.7094133953366,1.38943507075999,0.365615777342171,3.80026015523848,0.000144544259867919,0.0093424503316146,3.32854468512547,1.32661732173217,1.47206959508127,1.5167323740961
"Os03g0594900",25.33563897257,1.27309067538434,0.384850907849461,3.30801006160631,0.000939614337212906,0.0422661317415893,1.61605373711741,0.7016849651387,0.208976284446099,0.214039596805976
"Os03g0596101",14.913479644145,4.29941613531784,0.750697854284634,5.72722582165218,1.02086238954669e-08,1.87978222017608e-06,1.03171486592095,0.0504525119207378,0.0269324963778229,0.0542399473186818
"Os03g0596200",41.9097800405267,3.22737806630823,0.442948258387244,7.28612880894709,3.18988012053322e-13,1.23704517704618e-10,3.19877617905391,0.350983084810631,0.43037232261713,0.378568386609102
"Os03g0596600",463.672612785988,2.22825998156871,0.250520818930413,8.89451020910023,5.86775157751862e-19,4.84468069763191e-16,20.287886284885,4.42164621959743,3.6231949497506,3.82577246229677
"Os03g0607700",36.5742009508489,2.07622985438696,0.37197674349689,5.58161199775201,2.38299523869844e-08,4.14916756016915e-06,4.13653542203772,1.02444172381294,0.824970056706251,0.65321342928662
"Os03g0612201",40.4146065695876,1.42237358077295,0.36202961956419,3.92888731724548,8.53398140258113e-05,0.00582472677330838,7.23570020193315,2.75809607844855,4.00382762338245,4.00809069507869
"Os03g0619151",150.621155921172,-1.59627057009803,0.407830525090434,-3.91405368625623,9.07594424676514e-05,0.00614547071417867,7.35874842070132,22.6551047051036,6.5291385648706,5.28402442712049
"Os03g0640000",1124.46060566225,1.0620205729474,0.291415881274541,3.6443469323035,0.000268071617900363,0.015384065157309,60.055015746232,29.9258361645042,33.941706988486,30.0651154819199
"Os03g0665700",66.3019431500935,1.24926766541194,0.26684440237015,4.68163339502635,2.84598108465397e-06,0.000308656296024231,20.3252459100015,8.94237916755897,4.60687944901803,4.13595347501365
"Os03g0700200",71.6089686736217,1.41805016203832,0.328417857683029,4.31782294678672,1.57575750653199e-05,0.00137650216312923,21.003914782783,8.10065449841879,7.85634766484608,8.08157366286111
"Os03g0705800",202.484237080154,4.04547467762594,0.307926415112035,13.1377968212115,1.99964409932864e-39,4.65280824748332e-36,23.0717819340818,1.44581992212654,0.341623337434567,0.300158250276425
"Os03g0714100",123.246338548769,2.02449034698974,0.266625870803334,7.5930004124882,3.12581550401978e-14,1.48157866343308e-11,23.233056335695,5.94206490491417,1.53916981239934,1.48029429352013
"Os03g0752300",528.074240353489,1.18104154861333,0.137761867897059,8.5730657303213,1.00765952646776e-17,6.44776139498555e-15,26.5560722929805,12.1221324791256,11.423119402996,10.7219495100027
"Os03g0760200",4985.90817231098,1.01992778695445,0.190083475120786,5.36568360982644,8.06431961351166e-08,1.21415447357548e-05,230.821792055976,119.108748255493,84.6548712218218,68.3941072695935
"Os03g0764600",608.313233523918,1.03144728838173,0.244100408435258,4.2255041480412,2.384064330681e-05,0.00196206194674534,29.9241954824835,15.4159009202517,18.315782129618,16.1223903899844
"Os03g0772900",57.0547917511675,1.37090704072785,0.32010538037418,4.28267415913272,1.8466049292161e-05,0.00157546177210954,4.62690950753893,1.84443904198455,1.13574652657053,1.25991638128363
"Os03g0790500",825.442503017459,1.02404541987749,0.253083644514084,4.04627261411397,5.20396256247049e-05,0.00384957866434775,53.4944631658841,26.9914098629725,25.7504402506841,21.0259853246285
"Os03g0794300",29.6008753733151,1.64326711715004,0.426710105437692,3.85101523542425,0.000117629180024366,0.00775958469774134,6.33817373800186,2.08280990105612,3.03056295831028,2.31629594041915
"Os03g0828500",283.733691248545,1.28466308341534,0.200487324510039,6.40770226524229,1.47729035665019e-10,3.89806666788264e-08,9.9282710161545,4.17283591225849,4.38847691247168,4.53770105849575
"Os03g0850700",52.3201820710785,2.07300588394971,0.297000967259576,6.97979505951548,2.9561096494675e-12,9.82618525689879e-10,5.60509579690565,1.39905158627183,1.37867309415188,1.26869001278088
"Os03g0854000",118.294419491253,1.0814885412779,0.282088302133201,3.8338652581461,0.000126145258182613,0.00826801057779513,10.5025341628014,5.11773187716629,8.36858612710234,8.19079735866477
"Os03g0857900",78.1298060255073,-1.04046165290842,0.285085878129073,-3.64964290668002,0.000262605113788094,0.0151382384851492,1.76340255147383,3.76649860895003,4.76080883996068,4.29715139674382
"Os04g0121800",41.5782348245324,1.35910862924957,0.380964785925408,3.56754398165209,0.000360342910319743,0.0194167932413343,19.8016757214852,8.03020266322633,9.64130727059116,8.86790967917065
"Os04g0379600",789.942792708436,1.28476020496467,0.214881985249017,5.978910719183,2.24634624000406e-09,4.8315321019247e-07,37.398940777799,15.6741549911691,13.9115233179831,14.6573965306797
"Os04g0416450",46.7513683303236,1.55989601847796,0.32907086441331,4.74030425409751,2.13397528467827e-06,0.000246031970321352,1.97487906874194,0.688343222751888,0.466161852040413,0.546426236569642
"Os04g0416500",97.1198959858574,1.29568867420393,0.207041166528219,6.25812101009067,3.89643440096304e-10,9.97292384926491e-08,4.18668868394668,1.76866599136828,1.28776334620778,1.56489703101427
"Os04g0435500",225.971612636422,1.18968294845669,0.240657010954076,4.94347928506316,7.67405077269389e-07,9.53482182170389e-05,12.9781219561365,5.90690274768068,7.32074326763631,7.40066411691636
"Os04g0442300",480.430705397367,1.80170593326578,0.162329658727473,11.0990557572142,1.26776151099146e-28,1.70780820388561e-25,41.8502020779944,12.5233232943755,6.06478403312979,6.00116438181079
"Os04g0456700",144.071458608073,1.38667756993907,0.272124584157354,5.09574529707775,3.47371905628499e-07,4.67946522345338e-05,17.0322650819197,6.80269793202746,7.53964400252673,6.4416432982556
"Os04g0457000",50.8187555175958,1.79032061840881,0.386768485961055,4.62892061632209,3.67576631952202e-06,0.000385578848148222,5.3612076441537,1.61847562287751,1.23069938451962,1.32793511370195
"Os04g0462200",49.0157185649344,1.15688218471663,0.276682886999691,4.18125673496359,2.89902302621025e-05,0.00231154188024459,7.18999801166518,3.33990589820398,2.93677319891271,3.04017820711038
"Os04g0481550",133.123725970308,1.09560260612367,0.228526615108439,4.79420134763641,1.63324174863717e-06,0.000194088905700907,5.57800380052563,2.6735516931061,3.7320270129498,2.96928914469647
"Os04g0482600",129.662122365452,1.28266140557744,0.298832374057432,4.2922438026441,1.76876580899217e-05,0.00151917989534076,22.0765610298416,9.47391565113621,7.40882670176777,6.25634946037323
"Os04g0488800",223.577859968025,1.11941982670784,0.259530739676414,4.31324562209295,1.60875217930018e-05,0.00139470803819094,19.3652592468432,9.16082615192871,11.9330547553043,9.20013976458895
"Os04g0504000",134.552503124241,1.48660959282452,0.272966921881717,5.44611626411167,5.14814930933443e-08,7.98587161044938e-06,7.53906064490127,2.83330335062826,6.54167333306968,6.56146344039717
"Os04g0505500",233.194915624834,1.04518639630909,0.31971005513639,3.26916961014319,0.00107863623372326,0.0474820218304732,7.60959285871049,3.77386291474176,5.62818720379484,5.09910768810457
"Os04g0523812",539.613702334479,1.21556201279518,0.221568448756039,5.48616926110084,4.10743354187309e-08,6.61193468580136e-06,38.3274810472829,17.2961393325095,13.8700859991266,13.6287356222835
"Os04g0524300",760.070245229184,4.48694952779589,0.29978528768121,14.9672105742804,1.20260504814332e-50,4.39723945817545e-47,211.87659577464,9.8519598552504,0.166526514875326,0.262834282861373
"Os04g0540200",71.5769249294773,1.57765315764201,0.390861378662477,4.03634956986725,5.42893077142804e-05,0.0039929161808822,3.4047458570453,1.19911410354868,3.63646446060351,3.82803656896603
"Os04g0549700",176.295118345601,1.49864000170003,0.275103257993514,5.44755453872292,5.10670593068357e-08,7.96988648145402e-06,12.6030088957118,4.59582672676142,7.86038076840347,7.94699977912437
"Os04g0550200",905.71209987834,1.15102549051889,0.222599890046801,5.17082686014305,2.3306043107199e-07,3.38930780300432e-05,77.3846628991014,36.0332912961856,48.5704537689879,43.761824478544
"Os04g0552300",75.7465444915111,1.24635336953969,0.373106284034478,3.34047809665011,0.000836342775133653,0.0385697177108934,3.91601207997247,1.74840206302236,3.40831022238283,2.90579573101824
"Os04g0556500",560.826386867753,1.08872359814152,0.250992242555995,4.33767827664486,1.43995724789334e-05,0.00127971200554965,23.8930093127616,11.871483145295,14.1750503816856,11.9044210713836
"Os04g0562100",296.355700087847,1.06642772140079,0.266434788113162,4.00258438078984,6.26543110338171e-05,0.0044669556849876,19.2589939040421,9.4786658988901,1.86020057589772,1.75557657521481
"Os04g0579200",131.939227905964,1.95236256683236,0.322880118533466,6.04671038805385,1.47833148435017e-09,3.37838342338772e-07,16.7068270423901,4.49934120438037,4.64284130808329,3.97205810390582
"Os04g0588350",12.5363935448043,2.44331913760211,0.614927520553616,3.97334491616573,7.08703077218047e-05,0.00496965897572491,1.05267628065757,0.199199325387415,0.140399624706279,0.0562610837918272
"Os04g0589400",723.207601563411,1.12053232466949,0.236609033806654,4.73579688248565,2.18196035659941e-06,0.00024931819342483,30.2650833746544,14.4085095113957,8.50080575036371,9.27845166231874
"Os04g0597600",20.788473920927,6.76294423212786,1.15803095749834,5.84003751224202,5.21890697859297e-09,1.01195397058399e-06,1.38179163656315,0.014023006396476,0.0562712648007201,0.0697747606657655
"Os04g0618950",133.521632282138,1.21854810237633,0.202448296526972,6.01905831405197,1.75434665400187e-09,3.93881601834894e-07,12.275198850962,5.47770422996368,5.29378408338129,3.239873552781
"Os04g0621650",480.069766968976,1.32723212637643,0.238822512581515,5.55739956015836,2.73823455001678e-08,4.70369887971004e-06,10.6322702189895,4.37801968693865,1.40452452625083,1.73906255537085
"Os04g0639100",15.8765258905549,2.59365101889935,0.779278238137371,3.32827338422627,0.000873860672213325,0.0399401141166072,1.3255903652381,0.230193691498609,1.61071364800661,1.45345231528353
"Os04g0650700",14113.5447393097,1.36322818448134,0.176058683151411,7.74303294833213,9.7072872636104e-15,5.17620869816892e-12,1088.39367988189,441.514421599848,334.730759359507,277.289603813218
"Os04g0665200",1616.70660486757,1.28578271561169,0.25396241590753,5.06288582512088,4.12957191164609e-07,5.5050204728428e-05,89.9963910469533,37.6758048192983,41.8228088533322,41.6841687111034
"Os04g0667600",1222.47140467621,1.13029883936596,0.261349732212239,4.32485172186081,1.52634494059503e-05,0.00133790406693595,130.652758430784,63.118522731163,105.982424890941,109.138162898483
"Os04g0673300",2512.37036807397,4.18403399794364,0.27599823067997,15.1596406528967,6.54263154944012e-52,2.790977575132e-48,518.151700270479,30.1294763066044,1.31861313338608,1.4471899277314
"Os04g0674700",865.382829323453,1.21933925872249,0.208754985294222,5.84100665669823,5.18863310539203e-09,1.01195397058399e-06,40.9656632787489,18.0985265717302,13.9138068457972,12.8372749090769
"Os05g0170200",130.783605959606,1.97186384440096,0.224486203949885,8.78389767257664,1.57905352980393e-18,1.22472348773732e-15,28.5920181024589,7.61670802493712,4.10273035420846,3.08167041687844
"Os05g0183100",37.3963242899567,2.17762152289531,0.414013375472057,5.25978543667193,1.44223590642154e-07,2.13375884536758e-05,6.06018244962943,1.40888723775999,2.17159177869889,2.21404600913322
"Os05g0277500",392.275492218036,1.44456489097157,0.211911998826782,6.81681499381432,9.30810060516961e-12,2.83620041653948e-09,48.4210299917785,18.5085613903105,20.1906783316336,26.364572627489
"Os05g0311500",207.620793339101,1.25854099797558,0.350312161974224,3.59262718965543,0.00032736078025228,0.0180577568330972,7.28321981153557,3.18224695756905,12.7068914727262,11.7855386463454
"Os05g0339300",104.888254895887,1.51373309286382,0.352469446365229,4.29465052495725,1.74968735125283e-05,0.00150785345977495,6.53329223545194,2.36325499836352,2.49744531139639,2.52342432874238
"Os05g0358500",113.259136255848,1.04556773471933,0.275877912554191,3.78996536924264,0.00015066828894398,0.00961684502623731,4.59078326303794,2.32285033198434,3.91897524946908,3.72013194572928
"Os05g0390300",12.0225312639503,3.59724418233983,0.812685880681577,4.42636480816293,9.58343972833956e-06,0.000888725144372649,0.985089606442656,0.0855116423434672,0.504503650463908,0.378391308728763
"Os05g0412000",490.033862531715,1.03564903850284,0.207095913876357,5.00081831223937,5.70874913492744e-07,7.26942458251084e-05,31.9666806088141,16.1301903883024,14.4681953111994,14.9490806243284
"Os05g0426800",57.214891099268,2.92695577071691,0.428093485644601,6.83718829850832,8.07625587195411e-12,2.55199714867488e-09,9.75385315693837,1.34484973303189,2.65408456992446,3.20699983672279
"Os05g0442400",70.606579588485,2.10935195214335,0.325996480507593,6.47047461634857,9.76955645821760e-11,2.66012550583063e-08,11.8916753340171,2.8992361153201,1.48878600372802,1.31121934585506
"Os05g0510100",79.8959312215938,1.03131846456659,0.280356403229792,3.67859785860242,0.000234519707590618,0.013862660313584,8.05249240470872,4.10552094302913,4.947350244584,4.48505200301086
"Os05g0516100",33.4854335117854,4.08310108679539,0.526678408434637,7.75255074331023,9.00648077843806e-15,4.90469947923664e-12,15.4967484530988,0.96431848170203,1.2579017555187,1.71355733141728
"Os05g0527100",199.93916652444,3.00755437573272,0.235756209683745,12.7570526340206,2.84773470559585e-37,5.6067515222866e-34,20.3566277871282,2.64378913570082,2.92231384309359,2.23335186390268
"Os05g0539150",114.957470886917,1.217868117235,0.343771396435162,3.54266855783826,0.000396100194612087,0.0210335777616107,4.5740072487067,2.03084158243537,1.57934040243586,1.49693990285074
"Os05g0542800",474.813261179818,1.10422965703248,0.228972242317197,4.82254812136915,1.41735820656391e-06,0.000172112770728121,26.5181321343701,12.7376313374968,9.65552066028793,10.0697045638283
"Os05g0548700",18.4267549851541,1.53811459942049,0.466438653220993,3.29757104990985,0.00097524997150751,0.0435628674009332,2.1128183727457,0.750493556038589,0.821080978560004,0.912249467702621
"Os05g0564700",82.2353523846538,2.16470519892101,0.435877845499143,4.96631159686978,6.8238282595337e-07,8.51979923428122e-05,27.0127584697728,6.3571697668618,15.7355500833998,18.5333971482091
"Os05g0581600",102.136817678438,-1.05514446659133,0.292981247604825,-3.60140614874615,0.000316500678864777,0.0175342746223895,1.71277834527163,3.64087978744073,6.69200664768975,6.46410920039109
"Os06g0126500",80.7107658487443,1.33947078729234,0.222709317060902,6.01443534096083,1.80514799042541e-09,3.98299679439124e-07,3.44883373504245,1.41081219711599,1.84960343986773,1.82803221418388
"Os06g0140400",39.8627211707762,4.10855832865212,0.961934429659901,4.27114177637319,1.94474718551505e-05,0.00164276581561907,1.43859117647317,0.088149277089303,2.69257081775603,2.88089400362451
"Os06g0145300",9.28673557166297,2.66240991227011,0.766510582491889,3.47341572717071,0.00051387871217938,0.0256128071872439,1.54119995626869,0.247865413068118,0.401623355816947,0.25785519730971
"Os06g0191500",90.1105264894625,2.74156317488211,0.45906508258046,5.97205772974816,2.3427959284957e-09,4.95569105701219e-07,14.1583886514175,2.15514931269656,2.09442492605437,1.72803000306748
"Os06g0201500",1233.20154458041,1.35840261235187,0.173963441975238,7.80855217008881,5.78486493713338e-15,3.21877430578106e-12,162.357533895421,66.1261385462211,67.386467314094,60.4045863554265
"Os06g0202100",209.102167841151,1.34659938210728,0.197806811419134,6.80764920300928,9.92064032197843e-12,2.98727987107103e-09,16.0623997686923,6.53373291380211,6.55039174225608,5.22447990769071
"Os06g0208200",102.929518057549,1.79445442622557,0.30892295077451,5.80874428956035,6.29431378139376e-09,1.19335526840573e-06,18.050448333446,5.34743609852379,3.4596097998043,3.41913010583643
"Os06g0212900",65.0293983169659,1.25949400593909,0.32408767231214,3.88627557769625,0.000101793944839956,0.00676731433293165,1.81625250309803,0.786795295729224,2.19871295458024,2.35673875747541
"Os06g0220500",369.65800748618,3.90661037132339,0.400548673359262,9.75314769753203,1.78835454896589e-22,1.63474766717079e-19,33.1813680708871,2.28934587720685,1.78418228514347,1.4096635337411
"Os06g0232350",55.7999105263153,1.21417425577825,0.330834689276809,3.67003308641058,0.000242519075855867,0.0142239015259354,2.09044903767838,0.916586318570859,1.67370655852278,1.23293665293191
"Os06g0233800",83.4217457159971,1.03688548066444,0.246566021491557,4.2053056394064,2.60729569069602e-05,0.00211182700010647,5.95069976025365,2.98353986509006,0.804345820626393,0.512352856964387
"Os06g0293500",88.102339593522,1.10835630714688,0.308800778453247,3.58922769786569,0.000331659063282199,0.0181384908647604,2.30022346209395,1.092476681023,1.04352679009157,1.04815552670692
"Os06g0298100",11.7697851030912,2.49600909934066,0.56370293607303,4.42788025325682,9.51637064241722e-06,0.000885714569427886,1.91019426887396,0.350728002727758,0.271501474449046,0.273776670699257
"Os06g0328400",28.6008565417891,2.29590320074969,0.558968366472159,4.10739379625349,4.00148670053131e-05,0.00308488108735238,0.405454407655558,0.0869811674173,0.868674167964098,0.651460940843245
"Os06g0481900",269.17228687248,3.30689409383151,0.197624767982718,16.7331965906252,7.50973950836455e-63,6.40705942388636e-59,100.58325190184,10.4483443698565,1.15071020367332,0.582669525487181
"Os06g0530600",111.039573297761,1.29170961581829,0.381260700132912,3.38799570836433,0.000704053659466729,0.0334327521596492,46.9826590695692,19.9624829416567,19.0544889910355,25.9502725480412
"Os06g0539400",182.610950085164,1.80901696479354,0.281769620585255,6.42019874618168,1.36096544136195e-10,3.62853234079781e-08,9.50197345262358,2.78716294469579,1.25333762424504,1.31370841698639
"Os06g0546500",1902.18855598025,1.02599187595754,0.267399053401374,3.83693159308796,0.000124581156312483,0.00819705577331107,121.974982065857,62.0541306127289,58.9763497106005,61.0769930841896
"Os06g0564100",29.375998996939,1.66202282654422,0.508044121422596,3.27141434466423,0.00107010999417795,0.0472232160361806,3.95898511906411,1.34102497442037,2.52643432701933,2.35350486540046
"Os06g0593800",103.082304541909,1.19672429191121,0.268472444854479,4.45753117255619,8.29089835619311e-06,0.000791811729204338,4.13705880281446,1.87392639100446,3.29915861176402,2.53907703323695
"Os06g0625700",57.1893697114215,1.70361291842874,0.434525864970516,3.92062488281182,8.83196520492327e-05,0.00599613128435043,3.28457724731619,1.01325393058607,0.448999875608613,0.423015897530502
"Os06g0645600",67.3054553973898,1.19472542850221,0.343987450057562,3.47316574573372,0.000514357604776065,0.0256128071872439,2.73398734998012,1.23287247981123,2.12402306548193,2.00508351686365
"Os06g0663900",477.007290798276,1.08422268846887,0.186097409322229,5.82610307374846,5.67365819533126e-09,1.09185925946995e-06,18.3584128207487,8.89941524062304,7.33424915450416,8.7659807581928
"Os06g0666100",1976.25423437611,1.05572978177454,0.149036907857825,7.08368012292404,1.4037572696984e-12,4.94179475923176e-10,128.84355390144,64.3590272450968,54.8066359884478,53.5747612499345
"Os06g0683100",168.027833743064,1.48098565207173,0.244675185218455,6.05286412984403,1.42292880070579e-09,3.28106870757339e-07,14.0294840334245,5.12264760277615,4.33710979580527,3.90803355560559
"Os06g0711700",57.2280030975184,1.5370094676142,0.340579023771361,4.51293051050035,6.39379754250912e-06,0.000629420185002004,4.21191838158058,1.50617838224222,1.48057664429634,1.28857774595089
"Os06g0714366",173.306278703176,1.18867068932173,0.319901300829747,3.7157419686591,0.000202608266461625,0.0122885274409604,27.5928106752444,12.2856600214441,11.5025548434393,8.69724649202412
"Os06g0727400",56.4823837792131,2.20690801237906,0.295149171691141,7.47726310642835,7.58863905489898e-14,3.18411830508425e-11,3.77824390133564,0.842728538095516,0.620024060581177,0.919771751036069
"Os07g0123100",567.929485148816,1.35463996033694,0.360347740426607,3.75925754032261,0.000170418341905153,0.0105358875871073,116.154803822991,48.0530013317246,59.0462114010334,49.7506764813804
"Os07g0162600",152.990280372186,1.61636695511843,0.395331670977412,4.08863512281258,4.33918761609025e-05,0.00329559368052908,8.34276471439623,2.83021340984869,2.76705888710756,2.35276664496594
"Os07g0165100",357.983415660845,1.01729935522881,0.300102532062926,3.3898392933769,0.000699336076667101,0.0333946023923404,11.0593807929774,5.52949465822352,3.96465168547289,3.62808329303662
"Os07g0185900",1111.80863551811,1.53174713896393,0.203171779407487,7.53917273073547,4.72962165432374e-14,2.07592181795885e-11,241.075301860412,87.2288136228638,106.2382285056,100.661526003825
"Os07g0232900",96.6899429781238,1.47622052263118,0.238044225799223,6.20145486694684,5.59435644886774e-10,1.41769854761158e-07,2.03579215035743,0.759324203586175,1.38741908577033,1.40950366897076
"Os07g0421600",26.5111820974515,2.76949685610169,0.46266886513184,5.98591577004541,2.15175707452241e-09,4.66730697647467e-07,2.31095455100535,0.34375979200463,0.807838513712059,0.336361301349153
"Os07g0503500",57.5632831966961,1.49213063670487,0.417918446207831,3.57038711797573,0.000356454042315091,0.0193055162169641,2.35151583081465,0.858049350062675,1.28986945685754,1.60344296795805
"Os07g0506600",399.552408679995,1.10156686669244,0.200077004617756,5.50571450625707,3.67673962873425e-08,6.07136456757763e-06,16.510872457622,7.85428094545531,4.96675274518813,4.56653003341143
"Os07g0580700",215.856297454648,2.21242398779014,0.657428253995014,3.36527061979135,0.000764686187013152,0.0357155893368643,7.82700101679199,1.69492161120737,1.03095145809946,0.838357105441792
"Os07g0598400",20.4609880301908,4.17712945104847,0.693237558096556,6.02553829096875,1.68547706416538e-09,3.81768012896573e-07,1.92389199657545,0.110605438360858,0.0864796758987418,0.0427268559618766
"Os07g0602900",226.01385842362,1.02328099048678,0.254014148594491,4.02844092011722,5.61479663340678e-05,0.0041060205666299,8.97686023198547,4.57230534634677,6.61187936775511,5.94236727922648
"Os07g0622000",989.239362440493,1.03494396419175,0.142864453775271,7.24423701517622,4.34880345859358e-13,1.66130782869706e-10,63.8994737296159,32.2536234574436,23.0810274526594,21.9365827918907
"Os07g0631300",328.105985621876,1.11271818143786,0.242713521432498,4.58449193465032,4.55091652515679e-06,0.000467794009885092,63.6806914895697,31.0039387933443,31.1408950214144,30.7896384202515
"Os07g0669500",221.939888184811,-1.20972212981241,0.318312306257708,-3.80042526170199,0.000144447980688507,0.0093424503316146,2.98029872606217,7.06405312329123,10.3377534201832,8.95084074974538
"Os07g0672700",104.404626168212,2.56469003131005,0.296224063190875,8.65793954644888,4.80368162693282e-18,3.32297922273907e-15,5.54624508081951,0.960788881336536,2.39924956721277,2.66856145109877
"Os07g0684800",701.077700076772,1.20479553332566,0.20161637945176,5.97568281208979,2.2912843054053e-09,4.88711848307072e-07,31.662256406366,14.3644985733758,18.6952666878001,19.2039918685788
"Os08g0160300",41.4017343020895,-1.70212320952656,0.35776943115828,-4.75759822189372,1.95909938170901e-06,0.000226892075451774,0.607498599103327,2.03181145945073,2.43418356565854,3.38843928717496
"Os08g0174100",422.318556024512,1.08041129064654,0.232555935865325,4.64581257247384,3.38740448727596e-06,0.000359753601044931,23.9351447453083,11.7755178014,11.9292896855556,8.69593436596685
"Os08g0201100",16.5272128026017,2.19298977179473,0.643317391819212,3.4088768618446,0.00065230916785217,0.0315611590759476,1.98562515351005,0.460563785795418,0.942127406174544,0.74812757174861
"Os08g0409500",229.028496770849,1.91480006003167,0.220003555235576,8.70349598660499,3.21813779954901e-18,2.28800658276269e-15,17.7909151132723,4.85517373147396,2.07067372657161,1.95358016984078
"Os08g0416800",193.751314762028,1.19355271142117,0.33647102913424,3.54726739622205,0.000389249302449727,0.0207559081170849,49.1891287893511,22.6358533642437,46.3104562126454,39.8724698960246
"Os08g0429800",63.0280789766125,1.74354895149397,0.286049903242947,6.09526146216921,1.09258722611616e-09,2.61352991144328e-07,2.37797061689168,0.728187614522246,1.50352980291557,1.23097028480041
"Os08g0434100",148.701844124534,1.31879171944571,0.310635840854796,4.24545897800045,2.18146418302788e-05,0.00180694419950157,10.5093401852739,4.40071479035947,6.66578396819709,4.8934258083297
"Os08g0439000",41.5465751740263,1.18513230118115,0.335518554722454,3.5322407196273,0.000412054080231745,0.0215675341176513,0.766110970546164,0.350706056258982,0.445583548041245,0.572887681596999
"Os08g0460600",2552.10626840592,1.91814047960899,0.134172393685372,14.2960889861363,2.31456632387812e-46,6.58236945107338e-43,183.577842685654,50.0309860040618,35.7602769140992,40.594684242185
"Os08g0460650",253.445340718392,1.77701719123323,0.169977398715635,10.4544322048728,1.39833809834942e-25,1.49126931780222e-22,81.6271545898041,24.6436614495866,17.3480146849186,21.0081758380158
"Os08g0469750",40.1659751780839,1.31023484926579,0.352947321220104,3.71226744188464,0.000205410770105381,0.0123997374076586,24.255517605201,10.0243712845397,12.70791437475,11.3785695295321
"Os08g0502600",1562.03248683513,1.43071773149402,0.255211150946307,5.60601574887699,2.07037132020362e-08,3.65456234073183e-06,301.639618370859,117.386998312133,229.032961946218,211.821537492186
"Os08g0503700",9.99343110295706,6.07349952617492,1.48142237608754,4.0997757453989,4.13550669098657e-05,0.00316911059149106,0.267735582066149,0,0.232892467799616,0.3705947189928
"Os08g0530300",27.2681182512365,1.72258573054093,0.402740337291571,4.27716215893675,1.89290918527153e-05,0.00160960168096428,1.12756314019331,0.34662582901208,0.344114016899483,0.38511295544663
"Os08g0546800",142.236879038978,1.68393055128354,0.439833058722036,3.82856749371297,0.000128891285866655,0.00841574607591078,9.49544206195869,3.11590041703542,3.24061098162288,2.66807414249804
"Os08g0548650",575.104408069558,2.36673236576457,0.186794284776287,12.6702611303074,8.64262130117692e-37,1.47471928135749e-33,140.182331578635,27.8413259819036,23.5419957409438,22.1373170489666
"Os08g0548700",252.254075480344,2.18357539949668,0.171467133253306,12.7346585789763,3.79502578471037e-37,6.93812035426157e-34,141.609348367736,32.4027054495718,29.3964405911841,24.6593382554278
"Os08g0555700",151.556543647659,1.12415758931783,0.235666552216363,4.77011938582506,1.84116765218696e-06,0.000214203118444206,28.5037463495389,13.6368499391131,40.1425214885846,41.5417724729114
"Os08g0566100",269.583105039793,1.95559753408538,0.266741003208738,7.33144702374471,2.27680825625228e-13,9.39917859980278e-11,13.8829148680841,3.72980215634712,7.98729978968898,8.12295785044962
"Os09g0248900",11.1399942829484,4.51695126269384,1.12086005901763,4.02989760082331,5.58011558602008e-05,0.00409235124424596,0.559835785444454,0.024672202947237,0.022105858853616,0.0411743203370947
"Os09g0249000",270.358322058731,1.39026726298278,0.248554086133916,5.59341946297247,2.22640524366815e-08,3.90307138436207e-06,18.6558153794846,7.37862267259967,9.42626050213923,8.1932252396172
"Os09g0249100",18.4146609001836,4.99607370239849,0.732824721785624,6.81755616844489,9.2602203999074e-12,2.83620041653948e-09,2.36558562640537,0.06477462847656,0.241546014616629,0.0584424340973746
"Os09g0297900",57.7974645036294,2.23024381312104,0.344572155118507,6.47250156459683,9.63935226283413e-11,2.65289485126064e-08,13.5174193198127,2.94701340432502,0.77153979623671,0.575224803312084
"Os09g0298100",98.816582449632,1.4484964726836,0.264703388339891,5.47214934333846,4.44609899126589e-08,6.98146648352456e-06,5.53478892496664,2.07686636664087,0.855629526695198,0.978252285688828
"Os09g0324400",72.0211057947237,1.73286603019235,0.41992614479484,4.1265971449312,3.68170518793769e-05,0.00284692580922251,2.97471191196647,0.915900614792413,3.33623202394649,3.14059214064596
"Os09g0325800",40.8573980875702,2.30295270135865,0.395802936486803,5.81843258112219,5.94020094669068e-09,1.13462271067573e-06,4.84674074309473,1.01704323058317,1.28081053749524,1.24645122532004
"Os09g0394600",515.291072657504,1.70941611578125,0.199274457868534,8.5781998057623,9.63694433019675e-18,6.32455359311246e-15,31.099855977277,9.9203792614502,8.99164625127017,9.8208582848482
"Os09g0424401",1896.84837396357,11.9502801644546,3.61222659946838,3.30828640877994,0.000938687572668659,0.0422661317415893,33.8943148918843,0.0077381493459925,98.9125751962588,63.3825755607828
"Os09g0453300",57.8784672986829,1.50363307091014,0.273052319507558,5.50675809537857,3.65501954236084e-08,6.07136456757763e-06,4.37544200870312,1.58829374479028,0.918213437386955,0.876043961912653
"Os09g0456700",122.27575074266,3.01420687933252,0.391645406447066,7.69626511562293,1.40100975972036e-14,7.17176896000852e-12,11.6948266090977,1.47467716198585,1.72783032562388,1.61952601958944
"Os09g0457100",44.1313421940825,2.75792150444176,0.446385370659887,6.1783420463909,6.47782527004417e-10,1.61254396885498e-07,3.13740062626259,0.480989398823692,0.565049177172401,0.350359790619231
"Os09g0461900",155.686898486966,1.35121557962702,0.222191776839852,6.0813032725371,1.19209567662903e-09,2.82515637438148e-07,10.2473391760275,4.14268782035249,6.54705749293532,5.36074114765258
"Os09g0471550",16.2001009918943,2.42857013242343,0.719836235833199,3.37378144018049,0.000741432105120139,0.0348201004230274,0.717509088618105,0.136676279380778,0.104838430221756,0.166959599074076
"Os09g0482761",72.5077656836711,1.06878119579173,0.320205492957339,3.33779781827205,0.000844451709617848,0.0388736358051597,3.9032853105036,1.9445732912165,3.52266014897519,3.05283054915738
"Os09g0482800",3976.48677779089,1.07197886207287,0.199585631118106,5.37102223275043,7.82915550042871e-08,1.18572328422173e-05,590.348162138577,294.417076569751,350.06387851519,296.359112489999
"Os09g0483300",354.250076016359,1.79875307301124,0.307735140915076,5.84513379805276,5.06161264668350e-09,1.00044559086589e-06,62.7337033017217,19.0149793045823,29.8131368066894,23.4211107624307
"Os09g0509100",105.995244445416,1.85039677215659,0.277227090237899,6.67466072875022,2.47804760741315e-11,7.20745778542496e-09,9.15934385334849,2.66718681571107,3.34714812770424,2.5591455882431
"Os09g0518900",47.840616790355,3.83809437926596,0.526383974597348,7.29143470258924,3.06671517595844e-13,1.20757807582548e-10,5.11949490030644,0.370140974735376,1.14247508071203,0.873531948597066
"Os09g0526700",233.901274526814,1.26138563983916,0.30501173753389,4.13553147179789,3.54134074641827e-05,0.00275503393326978,8.77497327686016,3.8435053102651,10.5961415187055,10.7871662348427
"Os09g0531200",233.600883514867,1.30680599069427,0.311837501283575,4.19066335933057,2.78140075138075e-05,0.00223867774313177,18.4547047653622,7.81941965779099,2.45586416332434,2.36466260058381
"Os09g0552800",13.1987408896096,2.67279132295525,0.605503622216102,4.41416240116453,1.01401819182644e-05,0.000930243570602065,1.11229831517492,0.177264146884599,0.217633505350792,0.209805044078746
"Os09g0572100",83.3181087383842,1.07280861263256,0.283769258777236,3.78056670851277,0.000156471786094435,0.00996242628131111,4.66664265853725,2.27108985886701,2.40996890915999,2.22104937729756
"Os10g0100900",134.409902263321,2.27129882018613,0.381841634626489,5.94827440021796,2.70984044380289e-09,5.63889155765326e-07,4.58191968011571,0.971930058294445,1.65916662667841,1.85564095264328
"Os10g0131200",1074.18401431736,1.64297379336637,0.159730413713653,10.2859170972393,8.15618721295948e-25,8.35030446862791e-22,43.3437954331109,14.3122148587517,12.5646363973332,13.6591832251079
"Os10g0171500",565.527226256373,1.01239314520259,0.265918489142767,3.80715590129222,0.000140574133455499,0.00913196686749615,14.5196614035004,7.51517946127504,26.2832786151275,28.0543870724998
"Os10g0173000",42.2049976614444,2.75629925568371,0.436843864720792,6.30957529286897,2.79802220945658e-10,7.23387661121627e-08,13.9109667244124,2.11953027367489,1.32435884371331,1.0014690442321
"Os10g0342300",62.1132846245316,1.17118893089666,0.262593833865283,4.46007780783424,8.19299032747548e-06,0.000786702488045234,2.16408754021128,0.991619309904134,0.667811374931252,0.598359150517308
"Os10g0464800",71.0693246130101,1.17367470990759,0.32874609559407,3.57015558705471,0.000356769258473297,0.0193055162169641,1.63415124749063,0.738488840268998,0.955385510975737,1.06782367563486
"Os10g0470700",691.715643276357,1.66892443287129,0.22867312498798,7.29829722211133,2.91432300647567e-13,1.16550152110539e-10,27.0838748647786,8.75547256332029,12.3532640500565,12.2069713991116
"Os10g0478300",119.319095852864,1.05421140470619,0.260182030677703,4.05182249504417,5.08202156584813e-05,0.00377027078196762,6.24927755617713,3.11424567182233,4.53802636608424,4.31684569018161
"Os10g0483500",1567.61884532702,2.37597783501177,0.223658649521707,10.6232325022653,2.32372257570315e-26,2.70343996932373e-23,95.6810091834434,19.0640318853622,8.44836893311933,8.8553691944089
"Os10g0503800",55.4500308534393,1.2252384614383,0.341212229352056,3.59083982354608,0.000329614165878768,0.0180867105816234,4.31628505221944,1.95058940312721,3.27278962041201,2.46955172276806
"Os10g0531400",606.140365558288,1.11558338438243,0.211556230811821,5.27322395611566,1.3404781775942e-07,2.00640578687273e-05,61.1185317135746,29.6933253885344,30.3476585196237,24.3552723633271
"Os10g0531900",271.969939612296,1.42763234494826,0.241766920126285,5.90499454682446,3.52658415352272e-09,7.22103371275313e-07,16.1776317802468,6.22406250688278,7.13011687658041,6.07779516552775
"Os10g0536400",74.2803809576534,1.43741337361638,0.312164975899019,4.60465934551658,4.13141578082218e-06,0.000429851979309527,4.43763086976313,1.68297431748948,1.31498624080639,0.964880612505752
"Os10g0550900",282.726978949759,1.78800404275059,0.350478151322171,5.10161342727182,3.36770087607839e-07,4.59213942753741e-05,15.3750476559523,4.61697445222296,5.03190418028103,4.95169868502858
"Os10g0551401",562.924681516605,1.18711173238682,0.238021484384897,4.98741420529579,6.11927792697308e-07,7.67759404612137e-05,19.6505689753009,8.77825852245679,8.82495832061103,8.27089233635071
"Os10g0560000",325.990133351338,-1.09667203105344,0.327176484999841,-3.35192803068953,0.000802508778151622,0.0372105293057804,6.09491620924458,13.7036963641157,19.7614644785719,21.1574109949132
"Os10g0562100",3070.69626952035,2.06275335900693,0.140692137207009,14.6614686503189,1.13784894714221e-48,3.64040547526311e-45,367.936285377777,92.0144500397708,59.1336033087187,62.4822776412627
"Os10g0562200",42.8169726364904,1.60864490874472,0.399407062975956,4.02758252885868,5.63532895037394e-05,0.00410929471466727,2.77297785743709,0.93078567712574,0.368410736479608,0.387508562880359
"Os10g0579800",784.465176365304,1.18101917569929,0.18358855851408,6.43296720263054,1.25136660546708e-10,3.37144508072948e-08,25.2136165426743,11.5478044289633,14.5684643483732,14.0177514746449
"Os10g0579850",100.074601082642,1.39240851209763,0.394788123665317,3.52697669618361,0.000420333757478444,0.0217782237300825,4.65871851341132,1.83165236913179,2.53649479871822,2.73837419685291
"Os11g0118300",497.129953592353,2.05654351932332,0.214047572979867,9.60788057857005,7.4057619355583e-22,6.53622333588327e-19,27.2444203591532,6.77858263269459,5.48800978011026,5.58459091358159
"Os11g0118350",24.7723972422754,3.42171557489493,0.876047880657208,3.90585452056339,9.38929901456938e-05,0.00632418705994482,2.10498985840532,0.19182657049913,0.292823944695058,0.414317087603767
"Os11g0121000",21.2587307870792,1.50716985312308,0.437453648188706,3.44532468608635,0.000570373821397144,0.0280744576128075,1.55762639187062,0.568537296635636,1.57771237782414,1.43788516257732
"Os11g0143200",119.366488400244,1.7576442360724,0.229540634335897,7.65722479227953,1.89993912158336e-14,9.53508663076981e-12,7.45011500025794,2.27425446969193,1.60136882017976,1.70707657990866
"Os11g0143300",188.129470418249,4.9304339627307,0.312201170446521,15.792490321798,3.50466129825522e-56,2.24254514822106e-52,45.3632781522061,1.56242031419375,0.925978894740994,0.724462814322047
"Os11g0145200",161.44219979411,1.21266687490302,0.331515894174581,3.65794490162337,0.000254245683421688,0.0147895869708594,9.80488687992885,4.38621739298751,2.75214377181204,3.10570990420883
"Os11g0149900",29.3755821356367,2.05989049910464,0.401615181297427,5.12901552289463,2.91261328127918e-07,4.09606246891982e-05,1.55879618568215,0.382007645263987,0.84054496205046,0.730972602635829
"Os11g0150700",117.890767183661,1.2048478590899,0.312319046345548,3.85774698401474,0.000114437018918686,0.00756851550187019,5.13896822580695,2.33050026895935,4.70892327660693,4.88826066853151
"Os11g0151400",2165.21207472149,1.38777924473953,0.183443909411202,7.56514211452356,3.87440790559777e-14,1.73974509375044e-11,101.489591508975,40.8403388644318,42.3950845244344,31.3401734389361
"Os11g0453550",67.0391394678596,5.42033985728593,0.515783170509427,10.5089505962988,7.85628565993121e-26,8.74267962895388e-23,60.9038390195713,1.47629362944417,0.0804241815288384,0
"Os11g0474800",24.9654710865989,-1.4978494872745,0.424289420342451,-3.53025415072939,0.000415160654404521,0.0216501014564117,0.204255065985053,0.596592594011766,0.447287946083661,0.408685996319927
"Os11g0525900",281.130002990372,1.76064978883393,0.259564929289572,6.78308041711498,1.17640109528892e-11,3.50116116673486e-09,60.4466312694254,18.340664151966,22.4042744438391,23.1931736529205
"Os11g0526000",59.5019097221918,1.00575407210762,0.289263883497487,3.47694312869984,0.000507165381992038,0.0254029314130846,15.0739191447419,7.68789532913674,9.93355125490728,10.8111275256176
"Os12g0106300",27.4652845378024,1.39590222238593,0.399766056764702,3.49179776212853,0.000479781365995587,0.0241257447203478,0.814037657287256,0.325304778834449,0.819568324094504,0.795648915299345
"Os12g0117400",180.770541356826,2.57651860733887,0.337504031771301,7.63403801079557,2.27512787557023e-14,1.11984419183115e-11,11.5408711989841,2.01423642087129,1.80955113208986,1.3888225637283
"Os12g0139300",183.175359885279,1.07341439140666,0.185256120484077,5.79421823474339,6.86401559373098e-09,1.29120668019422e-06,8.93943215993025,4.39538600838956,3.03191507212241,3.23031351658752
"Os12g0139400",281.519799558106,5.64897062202039,0.300034459117968,18.8277394490855,4.47457756198961e-79,1.14526812699124e-74,67.5732211860729,1.39387540571988,0.690367513669062,0.494386303000624
"Os12g0141000",26.8856803805582,3.16550102324553,0.582359488702083,5.43564771358074,5.45977325670879e-08,8.41824677743744e-06,0.9206644885882,0.10803158742198,0.198448169013526,0.349173783849012
"Os12g0157000",323.634308218355,1.63441725580461,0.150071480243691,10.8909251321476,1.27340070674458e-27,1.62963455445638e-24,30.6539529148008,10.2618427978783,7.24986444056437,8.87559418777717
"Os12g0157066",246.690952563512,1.66246666597049,0.240516475761844,6.91206978941699,4.77632756407212e-12,1.54746967091678e-09,13.7774305875396,4.45549134484051,2.71696990096894,3.06746956087715
"Os12g0159600",584.108255136177,1.32311533224599,0.224798633806229,5.88578013061449,3.96180717390525e-09,7.9844452453626e-07,43.2633410200668,18.0573829095889,29.6731584977983,30.2534129445218
"Os12g0181500",216.434349126759,1.28584135047914,0.284350938108617,4.52202253677098,6.12515362506268e-06,0.00061001286783455,9.520831205064,4.00116780952708,5.4471054108647,5.23819575557324
"Os12g0181600",1062.5930438785,1.46036639085266,0.249233610701353,5.85942797499554,4.64464276551192e-09,9.28747121744356e-07,52.1341204808261,19.5625873806214,21.2747927887838,18.9400982941754
"Os12g0282400",161.479727362756,1.00648326387708,0.280056528178015,3.59385753449505,0.000325818034432207,0.0180114742792491,5.67630159948681,2.87957077742907,2.49693191114761,2.86116949953892
"Os12g0427600",29.0047369442215,2.35881204878903,0.522823285486181,4.51168131617462,6.43157705433521e-06,0.000630713466305401,1.62397574677183,0.328249588585287,0.136267799602308,0.169566870371898
"Os12g0484600",133.684647980545,2.0061371580813,0.238215032023361,8.42153889719507,3.71570919123569e-17,2.31959943291896e-14,5.72383299410313,1.46939706995351,2.48820341841965,2.28671912519468
"Os12g0502800",948.915239914081,1.13361170443029,0.14654627246787,7.73552056521142,1.0298085115962e-14,5.37917323557238e-12,47.324234632458,22.2707248053856,16.4677155628498,17.3482707394242
"Os12g0569900",32.2677926324749,1.19626500762012,0.357575703215223,3.34548739431576,0.000821380927561301,0.0379480953807428,1.82684187356919,0.838084626925725,0.221854936128308,0.152096771609863
"Os12g0580600",116.127877845283,-1.33472235210237,0.356189369679765,-3.74722680045832,0.000178800408405348,0.0110274613328551,1.31818424722707,3.4894400393932,8.05839473765782,8.06367287790879
"Os12g0581900",348.67361356545,1.53923696863796,0.184823384272143,8.32815054599108,8.21150512288905e-17,5.00413032429394e-14,52.5131101792203,18.7754039397646,6.71499582092808,6.06353504041585
"Os12g0583500",1088.34973721619,1.58273668267087,0.222864573834624,7.1017867731878,1.23154142149097e-12,4.50304324043733e-10,27.7005104501709,9.62026747798051,12.0760275839005,12.8837841636397
"Os12g0586300",159.812974967092,1.36206820864929,0.233051881179235,5.84448493510231,5.08138022319069e-09,1.00044559086589e-06,10.6801459498506,4.29332018035681,4.97296967662489,5.20813609527805
"Os12g0604700",524.480783304296,1.00005907752042,0.164644679320612,6.07404430952192,1.24728287506393e-09,2.90220047156921e-07,20.0475791685609,10.2974324219058,8.54064063246454,9.28475621594305
"Os12g0624300",29.1913571690284,1.49490014905133,0.389951613959133,3.83355292179403,0.000126305611874112,0.00826801057779513,1.98138828047255,0.717898245402887,0.356075776554052,0.255729087600731
